web-scraper-order,web-scraper-start-url,title,availability ,price,datasheet-src,features
"1779654065-1","https://www.rotorama.com/product/happymodel-se0802-19000kv","Happymodel SE0802 19000Kv","In Stock","€ 8,99","/cms/assets/images/be7ca2f7fce8cc1f706000deb3922051/14239-757.jpg","Key Features

                                                            Size: 0802Kv: 19000Shaft: 1mmConfiguration: 9N12PDimensions: Φ10.5mm*14.9mmConector: JST1.25mmWeight: 1.9g"
"1779654066-2","https://www.rotorama.com/product/iflight-xing-e-5215-500kv","iFlight XING-E 5215 500Kv","In Stock","€ 61,59","https://www.rotorama.com/cms/assets/docs/0a50a2440620c15e3002e107f756947f/36377-0/xing-e-5215-500kv.jpg","Key Features

                                                            Size: 5215Kv: 500KvMounting holes: 30mm M4Magnets: N52H-TMotor size: 60.2x65mmWeight: 344.5gCables: 600mm 14AWG"
"1779654068-3","https://www.rotorama.com/product/flashhobby-a5215-350kv","Flashhobby A5215 350Kv","In Stock","€ 53,29","https://www.rotorama.com/cms/assets/docs/e564172d6778612f2a353d9b64192af9/35649-0/b7eb82b1-356b-42d5-b8bd-4cb1e2c77eec.jpg","Key Features

                                                            Size: 5215Kv: 350Configuration: 12N14PDimensions: φ60.8 x 41 mmShaft: 6 mmShaft length: 26 mmMounting holes: 30 mm M4Cable: 60 cm 16AWGWeight: 353 g (including cable)"
"1779654070-4","https://www.rotorama.com/product/flashhobby-a5215-500kv","Flashhobby A5215 500Kv","In Stock","€ 53,29","https://www.rotorama.com/cms/assets/docs/0803142dea279ba6f46b5c5c8ade004f/35648-0/sc82527a86be54f7bb9251524ee286e183.jpg","Key Features

                                                            Size: 5215Kv: 500Configuration: 12N14PDimensions: φ60.8 x 41 mmShaft: 6 mmShaft length: 26 mmMounting holes: 30 mm M4Cable: 60 cm 16AWGWeight: 353 g (including cable)"
"1779654072-5","https://www.rotorama.com/product/rcd-4320-350kv","Readytosky 4320 350Kv","In Stock","€ 48,99","https://www.rotorama.cz/cms/assets/docs/572fea41011e891f365a21e7ce6704fd/27331-0/s719a23f2825a4526b4ef22c2aded3827z.jpg","Key Features

                                                            Size: 4320Kv: 350Configuration: 12N14PDimensions: φ49.5mmx39.8mmShaft: φ6mmShaft length: 26mmMounting holes: 30mm M4Cable: 50cm 16AWGWeight: 260g (including cable)"
"1779654074-6","https://www.rotorama.com/product/readytosky-4320-450kv","Readytosky 4320 450Kv","In Stock","€ 48,79","","Key Features

                                                            Size: 4320Kv: 450Configuration: 12N14PDimensions: φ49.5mmx39.8mmShaft: φ6mmShaft length: 26mmMounting holes: 30mm M4Cable: 50cm 16AWGWeight: 260g (including cable)"
"1779654076-7","https://www.rotorama.com/product/iflight-xing-e-3314-900kv","iFlight XING-E 3314 900Kv","On the way - Jun 22, 2026","€ 44,99","https://www.rotorama.cz/cms/assets/docs/3c63f740ca980ec56df2f9d24779f206/18987-0/d8a58bb7-bdf6-4b01-978c-a6c387f81cb8.jpg","Key Features

                                                            Size: 3314Kv: 900KvMounting holes: 19mm M3Bearings: 11x5x5Magnets: N52H curvedMotor size:φ38.6*29.8mmWeight: 120gCables: 400mm 16AWGConfiguration: 14N14P"
"1779654078-8","https://www.rotorama.com/product/iflight-xing2-2809-1250kv","iFlight XING2 2809 1250Kv","In Stock","€ 44,59","","Key Features

                                                            Size: 2809Kv: 1250Weight: 60.7Dimensions: φ35.33*21.7mmMounting holes: 19mm M3Cables: 260mm 18AWGMagnets: N52H RoundBearings: NSK φ11*φ5*5Configuration: 12N14P"
"1779654081-9","https://www.rotorama.com/product/brotherhobby-avenger-2816-810kv","BrotherHobby Avenger 2816 810Kv","In Stock","€ 40,29","https://www.rotorama.cz/cms/assets/docs/ec312ab54c64d0ab9dd5d0a88465c8d0/27025-0/4529963c7f.jpg","Key Features

                                                            Size: 2816Kv: 810Configuration: 12N14PMounting holes: 19mm M3Shaft: 5mmBearings: NMB 12X6X4mmBell and base material: 7075 aluminumMagnets: N52H ArcCable: 18AWG 25cmWeight: 87g (including cable)"
"1779654082-10","https://www.rotorama.com/product/rcinpower-bisonx-3220-738kv","RCinpower Bison 3220 738Kv","In Stock","€ 40,89","https://www.rotorama.cz/cms/assets/docs/4c9655162a7e232dea99ae8c38d78d4f/32142-0/bison-3220-738kv-251124-183135.jpg","Key Features

                                                            Size: 3220Kv: 738KvDimensions: 39.2x36mmAxle: 5mmWeight: 165g including cableConfiguration: 12N14PCables: 35cm 18AWGMounting holes: 19mm M3"
"1779654085-11","https://www.rotorama.com/product/rcinpower-ex-4214-520kv","RCinpower EX4214 520Kv","In Stock","€ 35,29","https://www.rotorama.com/cms/assets/docs/864f8dd3d644f2944c36f547d676c568/32141-0/ex4214-520-251124-183125-1.jpg","Key Features

                                                            Size: 4214Kv: 520Dimensions: 50.3x34.7mmWeight: 222g including cableConfiguration: 12N14PCables: 40cm 16AWGShaft: 6mmMounting holes: 30mm M4"
"1779654087-12","https://www.rotorama.com/product/iflight-xing-e-2809-1250kv","iFlight XING-E 2809 1250Kv","In Stock","€ 34,19","/cms/assets/docs/ffb9ee8b240f58d5d0801d1406ab1d64/16317-0/xing-e-2809-1250kv.jpg","Key Features

                                                            Size: 2809Kv: 1250KvMounting holes: 19mm M3Bearings: 11x5x5Magnets: N52H curvedMotor size: 33.2x23.8mmWeight: 60.4gCables: 260mm 18AWGConfiguration: 12N14P"
"1779654088-13","https://www.rotorama.com/product/brotherhobby-avenger-2812-v3-1115kv","BrotherHobby Avenger 2812 V3 1115Kv","In Stock","€ 34,19","https://www.rotorama.cz/cms/assets/docs/7da24a87aa707026114c7a424e860897/27338-0/9ebb2ed5c8_685581f16a088.jpg","Key Features

                                                            Size: 2812Kv: 1180Configuration: 12N14PMounting holes: 19mm M3Shaft: 5mmBearings: NMB 12X6X4mmBell and base material: 7075 aluminumMagnets: N52H ArcCable: 18AWG 25cmWeight: 77g (including cable)"
"1779654090-14","https://www.rotorama.com/product/rcinpower-aos-supernova-2207-1980kv","AOS Supernova 2207 1980Kv","On the way","€ 32,69","/cms/assets/images/a8a65ac9146be6271070fd771415741d/16398-768.jpg","Key Features

                                                            Motor dimensions: 27.6x19.5mmKv: 1980Weight: 31g (2cm cable)Configuration: 12N14PMagnets: N52H ARCMounting holes: 16mm M3Recommended battery: 6S"
"1779654093-15","https://www.rotorama.com/product/iflight-xing-2806-5-1300kv","iFlight Xing 2806.5 1300Kv","In Stock","€ 32,79","","Key Features

                                                            


	Size: 2806,5
	Kv: 1300
	Weight: 54g (with cables)
	Dimension: φ35.06*21.3mm
	Mounting holes: 19mm M3
	Cable: 265mm 18AWG
	Magnets: N52H round
	Configuration: 12N14P
	Bearings: NSK 11x5x45"
"1779654095-16","https://www.rotorama.com/product/geprc-em3115-900kv","GEPRC EM3115 900Kv","In Stock","€ 31,19","https://www.rotorama.cz/cms/assets/docs/fed01c80741bd719a3b6817a10836929/18727-0/3-6_65f4a39a723f1.jpg","Key Features

                                                            
	Size: 3115
	Kv: 900
	Mounting holes: 19mm M3
	Bearings: NSK/NMB
	Magnets: N52H curved
	Motor dimensions: φ37.5mmx30mm
	Weight: 115g
	Cables: 310mm 18AWG
	Configuration: 12N14P
	Shaft: 5mm steel"
"1779654097-17","https://www.rotorama.com/product/brotherhobby-avenger-2810-1180kv","BrotherHobby Avenger 2810 1180Kv","In Stock","€ 29,59","https://www.rotorama.cz/cms/assets/docs/76c69dce85a2bb989d7677d9498f260d/27225-0/5a9e8243e6.jpg","Key Features

                                                            Size: 2810Kv: 1180Configuration: 12N14PMounting holes: 19mm M3Shaft: 5mmBearings: NMB 12X6X4mmBell and base material: 7075 aluminumMagnets: N52H ArcCable: 18AWG 25cmWeight: 65g (including cable)"
"1779654099-18","https://www.rotorama.com/product/rcinpower-gts-v4-2207-2040kv","RCinpower GTS V4 2207 2040Kv","In Stock","€ 29,39","https://www.rotorama.cz/cms/assets/images/014a947c7618bbd9340233150a10f35a/13324-2480.jpg","Key Features

                                                            Stator diameter: 22mmStator height: 7mmConfiguration: 12N14PWeight: 32.8gMagnets: N52H ARCShaft: Titanium l shaftBearings: d4*D9*H4 684zz Japan ISCBell material: 7075-T6Winding: 260℃ Class Single oxygen-free copperCables: 20AWG 15cm"
"1779654101-19","https://www.rotorama.com/product/rcinpower-wasp-major-v2-22-6-6-6-2100kv","RCinpower Wasp Major V2 22.6-6.6 2100Kv","In Stock","€ 28,19","https://www.rotorama.cz/cms/assets/docs/fc8884ef8f710631a70ca10e016f9dc8/23815-0/wasp-major-v2-22.6-6.6-2100.jpg","Key Features

                                                            Stator diameter: 22.6mmStator height: 6.6mmConfiguration: 12N14PSize: 27.6x18.1mmWeight: 29.5g (3cm cables), 33g (including cables)Magnets: N52H ARCShaft: Titanium l shaftBearings: d4*D9*H4 684zz Japan ISCBell material: 7075-T6Winding: 260℃ Class Single oxygen-free copperCables: 20AWG 15cm"
"1779654103-20","https://www.rotorama.com/product/rcinpower-wasp-major-v2-22-6-6-6-1980kv","RCinpower Wasp Major V2 22.6-6.6 1980Kv","On the way","€ 28,19","https://www.rotorama.cz/cms/assets/docs/cd2d38578fdc02d4ac281af6c99ad5ab/23814-0/wasp-major-v2-22.6-6.6-1980.jpg","Key Features

                                                            Stator diameter: 22.6mmStator height: 6.6mmConfiguration: 12N14PSize: 27.6x18.1mmWeight: 29.5g (3cm cables), 33g (including cables)Magnets: N52H ARCShaft: Titanium l shaftBearings: d4*D9*H4 684zz Japan ISCBell material: 7075-T6Winding: 260℃ Class Single oxygen-free copperCables: 20AWG 15cm"
"1779654105-21","https://www.rotorama.com/product/brotherhobby-avenger-2806-5-1300k","BrotherHobby Avenger 2806.5 1300Kv","In Stock","€ 27,39","https://www.rotorama.cz/cms/assets/docs/344bf05a9f404b1bb9fd651287c4f383/27336-0/52dec02c22.jpg","Key Features

                                                            Size: 2806.5Kv: 1300Configuration: 12N14PMounting holes: 19mm M3Shaft: 5mmBearings: NMB 12X6X4mmBell and base material: 7075 aluminumMagnets: N52H ArcCable: 18AWG 20cmWeight: 41g (including cable)"
"1779654107-22","https://www.rotorama.com/product/geprc-speedx2-2107-5-1960kv","GEPRC SpeedX2 2107.5 1960Kv","In Stock","€ 25,69","","Key Features

                                                            Size: 2107.5Kv: 1960Configuration: 12N14PInner shaft: 4mmExternal shaft with thread: 5mmDimensions: Φ26.83mm*30.85mmMagnets: N52H ARCWeight: 29.5g (3cm cable)Color: Titanium"
"1779654109-23","https://www.rotorama.com/product/geprc-em2812-900kv","GEPRC EM2812 900Kv","In Stock","€ 25,89","https://www.rotorama.cz/cms/assets/docs/5b89d7541ada892d841f1dbe02602e07/18722-0/3-2_65f49e6c59ce9.jpg","Key Features

                                                            Size: 2812Kv: 900Mounting holes: 19mm M3Bearings: NSK/NMBMagnets: N52H curvedMotor dimensions: φ33mmx26.1mmWeight: 76gCables: 260mm 18AWGConfiguration: 12N14PShaft: 5mm steel"
"1779654111-24","https://www.rotorama.com/product/iflight-xing2-2207-1750kv","iFlight XING2 2207 1750Kv","In Stock","€ 24,39","https://www.rotorama.cz/cms/assets/docs/5856e6e8232ab05b8aa3076adc272ef6/30545-0/xing2-2207-1750kv-data2.png","Key Features

                                                            Size: 2207Kv: 1750Configuration: 12N14PMaterial: 7075 alloyBearings: NSK 9x9x4Magnets: N52HMounting holes: M3 16mmWeight: 30,5g (including cable)"
"1779654113-25","https://www.rotorama.com/product/emax-eco-iii-2807-1300kv","Emax Eco III 2807 1300Kv","In Stock","€ 23,29","","Key Features

                                                            Size: 2807Kv: 1300Configuration: 12N14PMounting holes: 19mm M3Shaft: Hardened steelBack: 7075 aluminumMagnets: N52SH ArcOuter shaft diameter: 5mmInner shaft diameter: 5mmSingle wire windingDimensions: φ34.8*34.9mmCables: 200mm 18AWGWeight: 49.6g (without cable)"
"1779654115-26","https://www.rotorama.com/product/deepspace-aether-2207-3-1960kv","DeepSpace Aether 2207.3 1960KV","Out of Stock","€ 21,39","https://www.rotorama.cz/cms/assets/docs/007b4550abc9aa2a3c0dc57915111f21/28751-0/1729912080411-0.jpg","Key Features

                                                            Size: 2207.3Kv: 1960Configuration: 12N14PMounting holes: 16mm M3Shaft: 5mmBearings: NMB Bell and base material: 7075 aluminiumMagnets: N52H ArcCable: 20AWG 15cmWeight: 35.6g (including cable)"
"1779654117-27","https://www.rotorama.com/product/brotherhobby-se-2812-1115kv","BrotherHobby SE 2812 1115KV","In Stock","€ 21,99","https://www.rotorama.cz/cms/assets/docs/15efa939b7f62b3cdbc21b6497bf02b4/27030-0/756e8271be_684be56bc8f2a.jpg","Key Features

                                                            Size: 2812Kv: 1150Configuration: 12N14PMounting holes: 19mm M3Shaft: 5mmBearings: NMB 12X6X4mmBell and base material: 7075 aluminumMagnets: N52H ArcCable: 18AWG 25cmWeight: 79g (including cable)"
"1779654119-28","https://www.rotorama.com/product/rcinpower-gts-v3-1804-3450kv","RCinpower GTS V3 1804 3450kv","On the way - May 28, 2026","€ 21,29","https://www.rotorama.cz/cms/assets/docs/61e6cc5192c76e2b4464e148d623757c/23693-0/gts-v3-1804-3450.jpg","Key Features

                                                            Stator diameter: 18mmStator height: 4mmKv: 3450Configuration: 12N14PSize: 22.7x13.2mmWeight: 12g (3cm cable)Magnets: N52H ARCMounting holes: 12mm M2Shaft: 1.5mm"
"1779654121-29","https://www.rotorama.com/product/emax-eco-ii-2807-1300kv","Emax Eco II 2807 1300Kv","On the way - Jun 24, 2026","€ 20,49","https://www.rotorama.cz/cms/assets/images/5a974f98c3310f941fff5284aebb65fa/8392-1080.jpg","Key Features

                                                            Configuration: 12N14PSize: 2807Kv: 1300Cables: 18AWG, 200mmWeight: 47.6gMagnets: N52Steel shaftMounting holes: 19mm M3"
"1779654123-30","https://www.rotorama.com/product/brotherhobby-la-2005-3450kv","BrotherHobby LA 2005 3450Kv","In Stock","€ 20,49","https://www.rotorama.cz/cms/assets/docs/43b34ec4a2e796480f9413d525494761/26961-0/1b1f7780b5.jpg","Key Features

                                                            Size: 2005Kv: 3450Configuration: 12N14PMounting holes: 12mm M2Shaft: 5mmBearings: NMB 7x3x3mmBell and base material: 7075 aluminumMagnets: N52H ArcCable: 24AWG 16cmWeight: 21g (including cable)"
"1779654125-31","https://www.rotorama.com/product/brotherhobby-la-2005-2450kv","BrotherHobby LA 2005 2450Kv","In Stock","€ 20,49","https://www.rotorama.cz/cms/assets/docs/43b34ec4a2e796480f9413d525494761/26961-0/1b1f7780b5.jpg","Key Features

                                                            


	Size: 2005
	Kv: 2450
	Configuration: 12N14P
	Mounting holes: 12mm M2
	Shaft: 5mm
	Bearings: NMB 7x3x3mm
	Bell and base material: 7075 aluminum
	Magnets: N52H Arc
	Cable: 24AWG 16cm
	Weight: 21g (including cable)"
"1779654127-32","https://www.rotorama.com/product/axisflying-c224-2204-5-1900kv","Axisflying C224 2204.5 1900Kv","In Stock","€ 20,49","https://www.rotorama.cz/cms/assets/docs/6b0c34d662b254920e962eeda3ae3d3f/23635-0/1711099640654-0-1.jpg","Key Features

                                                            Stator diameter: 22mmStator height: 4.5mmKv: 1900Configuration: 12N14PSize: Φ26.9*28.8mmMagnets: N52H ARCMounting holes: 12mm M2Shaft: 5mm"
"1779654129-33","https://www.rotorama.com/product/geprc-speedx2-2407e-1750kv","GEPRC SpeedX2 2407E 1750KV","In Stock","€ 20,09","","Key Features

                                                            Size: 2407Kv: 1750Magnets: N52HBearings: NMB/NSKConfiguration: 12N14PDimensions: 34x30mmShaft: 5mmShaft length: 13.5mmMounting holes: 16mm M3Cable: 20AWG 150mmWeight: 39g (including cable)"
"1779654131-34","https://www.rotorama.com/product/iflight-xing-1504-3100kv","iFlight XING 1504 3100Kv","In Stock","€ 19,29","/cms/assets/images/d99694a6c72fd7ddca549d2614fec6b9/13802-2774.png","Key Features

                                                            Size: 1504KV: 3100Weight: 12gDimensions: φ21.6*13.5mmMounting holes: 9mm M2Cables: 160mm 26AWGMagnets: N52H RoundBearings: NSK φ5*φ2*2.5Configuration: 12N14P"
"1779654133-35","https://www.rotorama.com/product/iflight-xing-2205-2300kv","iFlight XING 2205 2300kv","In Stock","€ 18,79","","Key Features

                                                            Size: 2205KV: 2300Configuration: 12N14PPropellers: 3-5""Mounting holes: 12mm M2Magnets: N52HWeight: 13g"
"1779654135-36","https://www.rotorama.com/product/rcinpower-bison-22-5-7-1800kv","RCinpower Bison 22.5-7 1800Kv","In Stock","€ 19,19","/cms/assets/images/81470cc20710696555c52a67186abb74/7507-1000.jpg","Key Features

                                                            Stator width: 22.5mmStator height: 7mmKv: 1800Weight: 33gConfiguration: 12N14PMagnets: N50H ARCShaft: Super Hard Alloy SteelBearings: D4*D11*H4 694zz Japan NMB"
"1779654137-37","https://www.rotorama.com/product/brotherhobby-vy-1507-1550kv","BrotherHobby VY 1507 1550Kv","In Stock","€ 18,49","https://www.rotorama.cz/cms/assets/docs/c53323aafc3c78347bb1f9191d30b978/28853-0/15071500.jpg","Key Features

                                                            Size: 1507Kv: 1550Configuration: 12N14PMounting Holes: 12mm M2Shaft: 5mmBearings: NSK 5x2x2.5mmBell and Base Material: 7075 AluminumMagnets: N52H ArcCable: 24AWG 16cmWeight: 16g (including cable)"
"1779654139-38","https://www.rotorama.com/product/axisflying-ae2207-1960kv-v2","Axisflying AE2207 V2 1960Kv","On the way - Jun 30, 2026","€ 18,49","/cms/assets/images/d16fed37927ea88edc89422a48cb9995/23545-1175.jpg","Key Features

                                                            Size: 2207Kv: 1960Configuration: 12N14PDimensions: 27.5x33.2mmCables: 20AWG 150mmWeight: 35.2g (including cables)"
"1779654141-39","https://www.rotorama.com/product/emax-eco-ii-2807-1700kv","Emax Eco II 2807 1700Kv","In Stock","€ 18,49","https://www.rotorama.cz/cms/assets/images/8de71bb9a9dcc260a663337444bfd153/8393-1080.jpg","Key Features

                                                            Configuration: 12N14PSize: 2807Kv: 1700Cables: 18AWG, 200mmWeight: 47.9gMagnets: N52Steel shaftMounting holes: 19mm M3"
"1779654143-40","https://www.rotorama.com/product/aos-supernova-1404-4000kv","AOS Supernova 1404 4000Kv","On the way","€ 17,69","https://www.rotorama.cz/cms/assets/docs/20712f24176ff5d2f8feb5218ff53daa/31959-0/e57211-6f3d189079c542659a4b6517cf0474d0.jpg","Key Features

                                                            Size: 1404.5Kv: 4000Shaft: 1.5mmDimensions: Φ18.75*13.2mmMagnets: N52H ARCMounting holes: 9mm M2Weight: 10.2g (3cm cable)"
"1779654145-41","https://www.rotorama.com/product/flycat-5010-750kv","FlyCat i-Rotor 5010 750Kv","In Stock","€ 17,59","","Key Features

                                                            Outer dimensions: 5010Stator dimensions: 4007Kv: 750Configuration: 12N14PCable: 18AWG 35cmWeight: 90g (including cable)"
"1779654147-42","https://www.rotorama.com/product/betafpv-1506-4200kv","BetaFPV Lava 1506 4200Kv","In Stock","€ 17,19","https://cdn.shopify.com/s/files/1/1778/6615/files/9948510e3dcfc96b7b03038a28ab2954_27261fef-16d1-4e5a-835b-a35da2fe4128_600x600.jpg?v=1706581062","Key Features

                                                            Size: 1506Kv: 4200Wires: 8 cm 24 AWGMounting holes: 12 mm M2Shaft diameter: 1.5 mmWeight: 13.6 g"
"1779654149-43","https://www.rotorama.com/product/rcinpower-gts-v3-1404-6-3850kv","RCinpower GTS V3 1404.6 Plus 3850Kv","On the way","€ 17,09","https://www.rotorama.cz/cms/assets/docs/1d82537b1090a95f6f937695b892de68/23684-0/gts-v3-14046-3850-241014-170341.jpg","Key Features

                                                            Stator diameter: 14mmStator height: 4.6mmKv: 3850Configuration: 9N12PSize: 18.2x13.1mmWeight: 9g (3cm cable)Magnets: N52H ARCMounting holes: 9mm M2Shaft: 1.5mm"
"1779654151-44","https://www.rotorama.com/product/flyfish-flash-1804-2450kv","FlyfishRC Flash 1804 2450Kv","In Stock","€ 16,29","","Key Features

                                                            Size: 1804Kv: 2450Configuration: 12N14PDimensions: 16.5x23.8mmWeight: 14g (including cable)Cable: 22AWG 150mmMounting holes: 12mm M2Magnets: N52SHBearings: NMBBack: 7075 aluminum alloy"
"1779654153-45","https://www.rotorama.com/product/emax-eco-iii-2207-1700kv","Emax Eco III 2207 1700Kv","On the way - Jun 24, 2026","€ 16,39","","Key Features

                                                            Size: 2207Kv: 1700Configuration: 12N14PMounting holes: 16mm M3Shaft: Hardened steelBack: 7075 aluminumMagnets: N52SH ArcOuter shaft diameter: 5mmInner shaft diameter: 4mmSingle-strand windingDimensions: φ28.6*32.8mmCables: 120mm 20AWGWeight: 31.9g (without cable)"
"1779654155-46","https://www.rotorama.com/product/camera-butter-halo-2406-1800kv","CameraButter HALO 2406 1800Kv","Out of Stock","€ 16,39","","Key Features

                                                            Size: 2406Kv: 1800KvMounting holes: 16mm M3Bearings: 9mmMagnets: N52SH roundMaterial: 7075 aluminumShaft: 5mm hollow titanium alloyWeight: 29g (without cables)Cables: 150mm 20AWG"
"1779654157-47","https://www.rotorama.com/product/flashhobby-2207-5-1900kv","Flashhobby 2207.5 1900Kv","In Stock","€ 16,39","https://www.rotorama.cz/cms/assets/docs/3a52bcdd218f3bafef27f571880af243/29043-0/20201224104114-8704_68b5bf33ba062.jpg","Key Features

                                                            Motor dimensions: 27,5×18,5 mmSize: 2207.5 Kv: 1900 Configuration: 12N14P Bearings: NSK 684 Shaft: 4 mm (steel), M5 thread for propeller Material: 0.15mm Kawasaki silicon steel Mounting holes: 16mm M3 Cables: 20AWG, 150mm lengthWeight: 36g (including cables)"
"1779654159-48","https://www.rotorama.com/product/geprc-speedx2-2207e-1960kv","GEPRC SpeedX2 2207E 1960KV","In Stock","€ 16,39","/cms/assets/images/75c7f83577a2e4fc69185d878091a95a/22735-1200.jpg","Key Features

                                                            Size: 2207Kv: 1960Magnets: N52HBearings: NMB/NSKConfiguration: 12N14PDimensions: 28x19.6mmShaft: 5mmShaft length: 13.5mmMounting holes: 16mm M3Cable: 20AWG 150mmWeight: 34.5g (including cable)"
"1779654161-49","https://www.rotorama.com/product/emax-ecoii-2306-1700kv","Emax Eco II 2306 1700KV","On the way - Jun 24, 2026","€ 16,39","https://www.rotorama.cz/cms/assets/images/a31d5baf9b8b8aa36c1486fad5682cbc/8876-1080.jpg","Key Features

                                                            Size: 2306Kv: 1700Mounting holes: 16mm M3Steel shaftMulti-fiber windingCables: 120mm 20AWG"
"1779654163-50","https://www.rotorama.com/product/oddityrc-spinnybois-2004-2650kv","OddityRC Spinnybois 2004 2650Kv","In Stock","€ 16,29","https://www.rotorama.cz/cms/assets/docs/b0f0d486e1a21e12659eec4ee2274782/35014-0/11-9c290891-1588-4455-9796-0cf29c4a086c-1.jpg","Key Features

                                                            Size: 2004Kv: 2650Mounting hole spacing: 12mm M2Configuration: 12N14PDimensions: 25.6x17mmShaft: 1.5x3.5mmCables: 24AWG 100mmMagnets: 55H NdFeBBell material: aluminum A2A12Bearings: NMB 730ZZ"
"1779654165-51","https://www.rotorama.com/product/brotherhobby-vy-1504-5-3950kv","BrotherHobby VY 1504.5 3950Kv","In Stock","€ 16,39","https://www.rotorama.cz/cms/assets/docs/935f60b6b12ed55c99d8f1fb71cdd0c3/27013-0/518befd6d3.jpg","Key Features

                                                            Size: 1504.5Kv: 3950Configuration: 12N14PMounting Holes: 12mm M2Shaft: 1.5mmBearings: NSK 5x2x2.5mmBell and Base Material: 7075 AluminumMagnets: N52H ArcCable: 24AWG 16cmWeight: 12g (including cable)"
"1779654167-52","https://www.rotorama.com/product/sub250-1804-3450kv","Sub250 1804 3450Kv","On the way - May 27, 2026","€ 16,29","https://www.rotorama.com/cms/assets/docs/7f622bb2309dd4168a13d7f5dbac22ec/34309-0/6-1d353a84-57d6-4861-8fc2-ba4eab948096.jpg?v=1721893200","Key Features

                                                             Stator diameter: 18 mm Stator height: 4 mmKV: 3450Configuration: 12N14PDimensions: Ø22.74 × 13.2 mmWeight: 13.2 g (including 13cm cables) Magnets: N52H ARC Power cables: 24 AWG, length 150 mmMounting holes: 12mm M2 Shaft diameter: Ø2.0 mm (inner) / Ø1.5 mm (outer)"
"1779654169-53","https://www.rotorama.com/product/geprc-speedx2-1505-4300kv","GEPRC SpeedX2 1505 4300Kv","In Stock","€ 15,99","https://www.rotorama.cz/cms/assets/docs/8b4013ad3ba52e7b79089592ffacba67/19192-0/4-6.jpg","Key Features

                                                            Size: 1505Kv: 4300Dimensions: φ19.5mmx13.9mmMagnets: N52HBearings: NSK/NMBConfiguration: 12N14PMounting holes: 9mm M2Cables: 160mm 26AWGWeight: 12.7g (including cable)Shaft: 1.5mm"
"1779654171-54","https://www.rotorama.com/product/axisflying-1505-4800kv","Axisflying C155 4800Kv","In Stock","€ 15,59","https://www.rotorama.com/cms/assets/docs/d652e7b5c43b77dbe27b5ade15f8c773/32786-0/c155.jpg","Key Features

                                                            Size: 1505Kv: 4800Cables: 26AWG 150mmWeight: 11.2g (with cables)Configuration: 12N14PDimensions: 19x13mmShaft: 1.5mmMounting holes: 9mm M2"
"1779654173-55","https://www.rotorama.com/product/iflight-xing-e-pro-2207-2450kv","iFlight XING-E Pro 2207 2450Kv","In Stock","€ 15,59","https://www.rotorama.cz/cms/assets/docs/1f45b3af23cb75fbe60169ec02fa483c/16574-0/2450kv.jpg","Key Features

                                                            Size: 2207Kv: 2750KvMounting holes: 16mm M3Bearings: NSK 9x4x4Magnets: N52SH curvedEngine size: 28.5x19.7mmWeight: 32.8gCables: 150mm 20AWG"
"1779654175-56","https://www.rotorama.com/product/rcinpower-gts-1304-11500kv-v3","RCinpower GTS V3 1304 11500Kv","In Stock","€ 15,49","https://www.rotorama.com/cms/assets/docs/75771c5e42c328644bf7c9350666758b/32094-0/s50dd565dd7504582a4c3b828ad64813fz.jpg","Key Features

                                                            Stator diameter: 13mmStator height: 4mmKV: 11500Configuration: 9N12PSize: 16.5x11.4mmWeight: 6.2g (5cm cable), 7.7g (long cable)Magnets: N52H ARCMounting holes: 9mm M2Shaft: 1.5mm"
"1779654177-57","https://www.rotorama.com/product/geprc-speedx2-1404-3850kv","GEPRC SpeedX2 1404 3850Kv","On the way - Jun 30, 2026","€ 15,59","https://www.rotorama.cz/cms/assets/docs/e1f254fbab5f780fe7469d8afb86537a/26543-0/4-4_6838176f7d17f.jpg","Key Features

                                                            Size: 1404Kv: 3850Shaft: 1.5mmDimensions: 18.2x13.8mmWeight: 10.5g including cableMagnets: N52HBearings: NMB/NSKConfiguration: 9N/12PCables: 26AWG 160mmMounting holes: 9mm M2"
"1779654179-58","https://www.rotorama.com/product/flyfish-flash-1303-5-5500kv","FlyfishRC Flash 1303.5 5500kv","In Stock","€ 15,09","https://www.rotorama.cz/cms/assets/docs/c8b901942f01db30c1962a360f2d7468/21113-0/flash1303.5motor-1.jpg","Key Features

                                                            Size: 1303.5Kv: 5500Configuration: 12N14PDimensions: 17.6 * 11.5 mmWeight: 7.5g (including cable)Cable: 24AWG 120mmMounting holes: 9mm M2Shaft: 1.5mm"
"1779654181-59","https://www.rotorama.com/product/rcinpower-gts-v2-1207-6000kv","RCinpower GTS V2 1207 6000Kv","In Stock","€ 15,09","/cms/assets/images/134f7453ab47acdf1225643ebaedb795/16430-600.png","Key Features

                                                            Size: 1207Kv: 6000Inner shaft diameter: 2mmOuter shaft diameter: 1.5mmWeight: 9.3g (including cable)Mounting holes: 9mm M2Magnets: N52HShaft: Super hard alloy steel shaftBearings: d2*D5*H2.5 520zz Japan ISCWinding: 200℃ Class Single oxygen-free copperMaterial: 7075-T6Cables: 28AWG 9cm"
"1779654183-60","https://www.rotorama.com/product/deepspace-aether-1505-4000kv","DeepSpace Aether 1505 4000Kv","On the way","€ 14,79","https://www.rotorama.cz/cms/assets/docs/2c71d9d15bebf2acbe1c01f18bba3d85/28942-0/1744372632924-0_68aeee7d1077b.jpg","Key Features

                                                            Size: 1505Kv: 4000Configuration: 12N14PMounting holes: 12mm M2Shaft: 1.5mmCable: 22AWG 15cmWeight: 12.2g (including cable)"
"1779654185-61","https://www.rotorama.com/product/emax-eco-ii-2004-3000kv","Emax Eco II 2004 3000KV","On the way - Jun 24, 2026","€ 14,39","/cms/assets/images/2b6b782e090444bc1fda5cc717956dea/10786-1060.jpg","Key Features

                                                            Size: 2004Dimensions: 24.7x19.2mmConfiguration: 12N14PKv: 3000Mounting holes: 12mm M2Propeller mounting: T-mount - 1.5mm Weight: 16.4g (without cable)Magnets: N52SH ArcMaterial: Al 7075Inner shaft: 3mm steelCables: 24AWG 120mm"
"1779654187-62","https://www.rotorama.com/product/emax-emax-eco-ii-2004-2400kv","Emax Eco II 2004 2400KV","In Stock","€ 14,39","/cms/assets/images/2b6b782e090444bc1fda5cc717956dea/10786-1060.jpg","Key Features

                                                            Size: 2004Dimensions: 24.7x19.2mmConfiguration: 12N14PKv: 2400Mounting holes: 12mm M2Propeller mounting: T-mount - 1.5mmWeight: 16.4g (without cable)Magnets: N52SH ArcMaterial: Al 7075Inner shaft: 3mm steelCables: 24AWG 120mm"
"1779654190-63","https://www.rotorama.com/product/betafpv-lava-1104-7200kv","BetaFPV LAVA 1104 7200Kv","In Stock","€ 14,39","https://www.rotorama.cz/cms/assets/docs/53c988451a072d12d3881aff4c0257a3/30219-0/9948510e3dcfc96b7b03038a28ab2954.jpg","Key Features

                                                            
	Size: 1104
	Kv: 7200
	Shaft diameter: 1.5 mm
	Shaft height: 5 mm
	Cables: 28AWG 24 mm with connector
	Mounting holes: 9 mm M2
	Weight: 5.3 g"
"1779654191-64","https://www.rotorama.com/product/rcinpower-gts-v3-1103-18000kv","RCinpower GTS V3 1003 18000Kv","In Stock","€ 14,29","/cms/assets/images/3c1fb54e7a3b9c4f7fb089f4b775103c/15056-850.jpg","Key Features

                                                            
		Size: 1003
		Kv: 18000
		Shaft: 1,5mm
		Weight: 3.45g
		Configuration: 9N12P
	Mounting holes: 6.6mm M1.4/ 9mm M2"
"1779654193-65","https://www.rotorama.com/product/darwinfpv-1103-8000kv-bling","DarwinFPV Bling 1103 8000Kv","In Stock","€ 13,79","https://www.rotorama.com/cms/assets/docs/41070634de64421bdcd77b5f1baa6f6b/32774-0/the-more-details-for-1103-motor-1.jpg","Key Features

                                                            Size: 1103Kv: 8000Configuration: 9N12PDimensions: 14.2x9.5mmWeight: 4.1g (including cable)Cable: 28AWGMounting holes: 8.5mm M1.6Magnets: N52Bearings: NSK 1.5x4x2"
"1779654195-66","https://www.rotorama.com/product/geprc-speedx2-1002-25000kv","GEPRC SpeedX2 1002 25000Kv","In Stock","€ 13,49","https://www.rotorama.cz/cms/assets/docs/c12d1be8945b53430d7f1ab8b28df96a/23484-0/4-5_677bd2732ad62.jpg","Key Features

                                                            Size: 1002Kv: 25000Weight: 2.5g with cable and connectorDimensions: Φ13.69mm*7.9N12PCables: 28AWG 36mmMounting holes: 6.6mm M1.4Shaft size: Φ1.5mmBearings: 415zz"
"1779654197-67","https://www.rotorama.com/product/geprc-speedx2-1202-5-10000kv","GEPRC SpeedX2 1202.5 10000KV","In Stock","€ 13,49","https://www.rotorama.cz/cms/assets/docs/7cf0eff70ba2f594c06a52c1d0ffe405/31154-0/4-1-6908d1d5c537f.jpg","Key Features

                                                            Size: 1202.5Kv: 10000Cable: 60mm 28AWGMounting holes: M2 Ø9mmInternal shaft diameter: 2mmExternal shaft diameter: 1.5mmBearing: 415ZZWeight: 4.53g"
"1779654200-68","https://www.rotorama.com/product/flashhobby-1408-3650kv-2","Flashhobby A1408 3650Kv (5mm)","In Stock","€ 13,09","https://www.rotorama.cz/cms/assets/docs/02127863faa61a4cfdcd7063d52e4226/29171-0/1408.jpg","Key Features

                                                            Size: 1408Kv: 3650Propeller shaft diameter: 5mmInner shaft diameter: 2mmConfiguration: 9N12PWeight: 16.5gCables: 26AWG 115mmMounting holes: 12mm M2Material: Aluminum Alloy 7075-T6Bearings: NMBMagnets: N50H"
"1779654201-69","https://www.rotorama.com/product/flashhobby-2004-2100kv-v2","Flashhobby 2004 V2 2100Kv","In Stock","€ 12,29","https://www.rotorama.cz/cms/assets/docs/5ce7982d5a40b5fa266920ade3d2d5fd/29110-0/k2004-v2-1750kv-00-00-1-1-810570.jpg","Key Features

                                                            Size: 2004Kv: 2100Propeller shaft diameter: 1.5mmInner shaft diameter: 3mmConfiguration: 12N14PWeight: 18gCables: 24AWG 150mmMounting holes: 12mm M2"
"1779654206-70","https://www.rotorama.com/product/happymodel-rs1102-10000kv","Happymodel RS1102 10000KV","In Stock","€ 12,19","","Key Features

                                                            Size: 1102Kv: 11000Configuration: 9N12PCables: 35mmMounting holes: 6,6mm M1.4Shaft size: 1.5mmDimensions: Φ13.5mm*14mmWeight: 2.8g with cable and connector"
"1779654207-71","https://www.rotorama.com/product/happymodel-ex1404-3500kv-2","Happymodel EX1404 3500Kv","In Stock","€ 12,19","/cms/assets/images/3b9fb5d3df2ab5f7249c6b816696a76f/11909-1000.jpg","Key Features

                                                            


	Size: 1404
	Kv: 3500
	Configuration: 9N12P
	Shaft: 1.5mm
	Dimensions: Φ17.8mm*17.6mm
	Weight: 9g (including cable)
	Mounting holes: 9mm M2"
"1779654209-72","https://www.rotorama.com/product/flashhobby-1303-8000kv","Flashhobby K1303 8000KV","In Stock","€ 11,89","https://www.rotorama.cz/cms/assets/docs/fdf9588ed9be0486c40cdcba8291ee53/29125-0/1303-motor-drawing-912679_68b958e6ee3fc.jpg","Key Features

                                                            Motor dimensions: Φ18.4x11mmSize: 1303Kv: 8000Weight: 8.2gConfiguration: 9N12PInner shaft: 3.0mmMounting holes: 9mm M2Cables: 133mm 28AWG"
"1779654211-73","https://www.rotorama.com/product/geprc-speedx2-1104-7500kv","GEPRC SpeedX2 1104 7500KV","In Stock","€ 11,49","https://www.rotorama.com/cms/assets/docs/e5a9675d3217dfb5d3f3353cc9bc39a7/33731-0/6-4_696e37da70985.jpg","Key Features

                                                            Size: 1104KV: 7500Shaft diameter: 1.5 mmShaft height: 4.95 mmMounting holes: 9 mm M2Wires: 60mm 28AWGWeight: 5.2 g"
"1779654213-74","https://www.rotorama.com/product/flashhobby-a1207-5200kv","Flashhobby A1207 5200KV","In Stock","€ 10,99","https://www.rotorama.cz/cms/assets/docs/55541783f59584e55a348e3573de4bb3/29284-0/snimek-obrazovky-2025-09-08-150134_68bee1a827234.jpg","Key Features

                                                            Size: 1207Kv: 5200Propeller Shaft Diameter: 1.5mmInner Shaft Diameter: 2.0mmConfiguration: 9N12PWeight: 10.3gCables: 26AWG, Length 115mmMounting Holes: 9mm M2Material: 7075-T6 Aluminum AlloyBearings: NMBMagnets: N50H"
"1779654215-75","https://www.rotorama.com/product/happymodel-rs0802-20000kv-2","Happymodel RS0802 20000Kv","In Stock","€ 9,79","/cms/assets/images/7886e6074ab2ae947f63dbce5c5a4793/11929-665.jpg","Key Features

                                                            Size: 0802Kv: 20000Shaft: 1.5mmConfiguration: 9N12PDimensions: Φ10.5mm*13.5mmConector: JST1.25Cable length: 30mmWeight: 2g"
"1779654217-76","https://www.rotorama.com/product/happymodel-ex0802-19000kv-2","Happymodel EX0802 19000Kv","In Stock","€ 9,39","/cms/assets/images/13e3f388ed502cb8843152ee62c3ee90/11893-833.jpg","Key Features

                                                            Size: 0802Kv: 19000Shaft: 1mmConfiguration: 9N12PDimensions: Φ10.5mm*14.9mmConector: JST 1.25mmCable length: 27mmWeight: 1.7g"
